Timestamp,Name,Address,Email
11/22/2019,Vale Baynard,108 Macpherson Pass,vbaynard0@blogger.com
4/29/2020,Valeria Aitken,2060 Bay Pass,vaitken1@w3.org
6/2/2020,Brian Kirkpatrick,44704 Northport Parkway,bkirkpatrick2@google.co.uk
11/14/2019,Andreana Shorten,386 Bonner Street,ashorten3@com.com
1/22/2020,Albertina Webberley,70 Northland Plaza,awebberley4@shareasale.com
7/12/2020,Denver Simnel,2425 Dapin Trail,dsimnel5@creativecommons.org
7/13/2020,Jaquith Sneden,1 Granby Crossing,jsneden6@howstuffworks.com
9/9/2019,Maud Pinnijar,4 Bashford Avenue,mpinnijar7@miibeian.gov.cn
8/7/2019,Weider Janjic,33 Superior Alley,wjanjic8@macromedia.com
8/2/2019,Fern Kightly,06 Bluestem Crossing,fkightly9@friendfeed.com
12/7/2019,Tobie Dun,0 Dwight Crossing,tduna@hao123.com
5/18/2020,Quinn Kelf,7211 Northport Parkway,qkelfb@ameblo.jp
12/24/2019,Minni Kempston,56 Rowland Terrace,mkempstonc@answers.com
4/9/2020,Hester Di Giacomettino,71729 Pierstorff Pass,hdid@yandex.ru
12/2/2019,Parker Caunter,70 Graedel Drive,pcauntere@sciencedirect.com
2/13/2020,Joly Jimmes,4 Bunting Court,jjimmesf@github.io
5/6/2020,Korney Ginley,93 Autumn Leaf Street,kginleyg@aboutads.info
12/16/2019,Frederich Haylock,93 Waubesa Place,fhaylockh@icq.com
7/16/2020,Abrahan O'Sirin,09214 Ohio Park,aosirini@hexun.com
3/6/2020,Clarine Mourgue,378 Clarendon Court,cmourguej@addtoany.com
8/23/2019,Benito Neale,588 Porter Circle,bnealek@wordpress.com
1/5/2020,Ferdinanda McNeachtain,55642 Sutteridge Way,fmcneachtainl@technorati.com
6/15/2020,Efrem Elphey,6846 Bultman Way,eelpheym@nydailynews.com
9/29/2019,Nydia Vader,898 Vermont Road,nvadern@symantec.com
11/30/2019,Wilfred Gillogley,3458 Old Gate Alley,wgillogleyo@cbc.ca
9/27/2019,Llewellyn Revill,68 Old Gate Circle,lrevillp@miitbeian.gov.cn
4/20/2020,Alexandr Jery,1889 Sherman Crossing,ajeryq@cnet.com
12/8/2019,Maison Dumphy,8561 Main Drive,mdumphyr@networksolutions.com
10/12/2019,Florenza Corradini,7 Mitchell Circle,fcorradinis@businessinsider.com
12/26/2019,Daffie Colcutt,3 Bonner Lane,dcolcuttt@google.co.uk
7/2/2020,Madonna Stoter,93 Petterle Pass,mstoteru@dailymotion.com
8/23/2019,Ayn Garnsworth,7 Sheridan Lane,agarnsworthv@dagondesign.com
10/22/2019,Rubina Balharry,9 Eastwood Parkway,rbalharryw@nationalgeographic.com
10/23/2019,David Jessett,72448 Kennedy Place,djessettx@desdev.cn
11/10/2019,Lynsey Giamelli,926 Sycamore Park,lgiamelliy@google.es
11/3/2019,Demetris Middlewick,03 Hagan Road,dmiddlewickz@utexas.edu
10/27/2019,Brooks Dietsche,049 Daystar Point,bdietsche10@bloglines.com
12/22/2019,Selma Tenbrug,3 Reinke Park,stenbrug11@usgs.gov
1/7/2020,Paolo Fabb,4964 Stephen Point,pfabb12@cmu.edu
9/2/2019,Yale Vassall,7809 Barnett Drive,yvassall13@huffingtonpost.com
4/26/2020,Vonni Beauman,823 Jana Center,vbeauman14@pcworld.com
10/17/2019,Skipton Buckenhill,6976 Schurz Plaza,sbuckenhill15@census.gov
5/2/2020,Joshia Rilston,71 Blaine Place,jrilston16@digg.com
4/13/2020,Doralynn Iffe,9 Waxwing Road,diffe17@va.gov
10/27/2019,Lauraine Joseland,5732 Claremont Pass,ljoseland18@artisteer.com
7/11/2020,Inna Leavy,4 Red Cloud Trail,ileavy19@smugmug.com
9/10/2019,Thelma Washington,03567 Sunnyside Road,twashington1a@sciencedirect.com
1/10/2020,Jobye Mellem,868 Chive Way,jmellem1b@thetimes.co.uk
11/13/2019,Nert Coite,18520 Badeau Junction,ncoite1c@shareasale.com
5/11/2020,Eleen Dwire,0502 Stang Terrace,edwire1d@vkontakte.ru
12/28/2019,Remington Penhall,18207 Fieldstone Terrace,rpenhall1e@noaa.gov
12/24/2019,Pat Haselhurst,8 Oakridge Plaza,phaselhurst1f@twitpic.com
3/25/2020,Sylvester Anyon,73023 Maple Wood Drive,sanyon1g@state.gov
3/12/2020,Sawyer Aikenhead,4208 Esch Trail,saikenhead1h@google.com.hk
2/7/2020,Dominga Kamall,2 Pawling Drive,dkamall1i@homestead.com
1/22/2020,Nate Wieprecht,86746 Spaight Crossing,nwieprecht1j@theglobeandmail.com
4/9/2020,Angele Thumnel,1 Loftsgordon Park,athumnel1k@xinhuanet.com
4/5/2020,Sue Maudsley,893 Moland Street,smaudsley1l@cloudflare.com
4/25/2020,Joshuah Kroin,46680 Canary Center,jkroin1m@theglobeandmail.com
7/17/2020,Urbain Kain,30017 Old Gate Hill,ukain1n@usgs.gov
9/23/2019,Shermie Newlove,14 Spaight Trail,snewlove1o@chicagotribune.com
6/26/2020,Leone Imore,19684 Buhler Hill,limore1p@google.es
8/26/2019,Judi Decourcy,34523 Grasskamp Terrace,jdecourcy1q@histats.com
6/1/2020,Larina Flacknoe,3 Chinook Plaza,lflacknoe1r@sakura.ne.jp
10/1/2019,Ingaborg Jelf,86 Blackbird Terrace,ijelf1s@bloglines.com
1/1/2020,Roxine Rohloff,9 Dottie Lane,rrohloff1t@ning.com
10/16/2019,Gweneth Dearnaly,44 Dakota Alley,gdearnaly1u@cbslocal.com
4/1/2020,Darcy Botten,3 Hallows Alley,dbotten1v@cbc.ca
5/6/2020,Hope Chill,95 Shopko Street,hchill1w@nsw.gov.au
9/26/2019,Arlette Lindermann,4 Ridgeview Hill,alindermann1x@dion.ne.jp
7/21/2020,Loella Harkness,3 Karstens Avenue,lharkness1y@bandcamp.com
7/12/2020,Nert Bisco,65 Grover Drive,nbisco1z@goo.ne.jp
8/12/2019,Rafaellle Tytler,72 Mockingbird Park,rtytler20@bloglovin.com
11/1/2019,Ange Raspel,6 Schiller Way,araspel21@cbsnews.com
2/23/2020,Laurie Sang,6036 Eagle Crest Plaza,lsang22@discovery.com
3/4/2020,Mia Loving,8 Northwestern Road,mloving23@printfriendly.com
6/17/2020,Chloe Edbrooke,27240 Lotheville Trail,cedbrooke24@themeforest.net
2/14/2020,Lyda Bonifazio,68946 Hanson Road,lbonifazio25@skype.com
9/22/2019,Lainey Kinloch,021 Michigan Center,lkinloch26@fema.gov
5/19/2020,Forster Sellek,8 Sundown Pass,fsellek27@mozilla.org
6/17/2020,Cullie Wybrew,569 Pine View Court,cwybrew28@foxnews.com
7/10/2020,Way Louca,13961 Upham Center,wlouca29@issuu.com
4/15/2020,Koral Mc Trusty,36 Vermont Lane,kmc2a@geocities.jp
6/14/2020,Brandy Wringe,5 Oneill Circle,bwringe2b@wordpress.org
3/1/2020,Mildrid Skeats,5 Summit Avenue,mskeats2c@hc360.com
11/15/2019,Phaedra Herity,8341 Michigan Park,pherity2d@smh.com.au
11/26/2019,Caresa Sebright,7 Oakridge Street,csebright2e@tinypic.com
9/29/2019,Jarrod Lumox,6 Carey Way,jlumox2f@nationalgeographic.com
3/31/2020,Muhammad MacWilliam,7 Center Center,mmacwilliam2g@nsw.gov.au
7/1/2020,Ferdinanda Fosdick,5 Tennessee Center,ffosdick2h@1und1.de
9/11/2019,Natal Glasson,16658 Hanson Terrace,nglasson2i@webmd.com
11/15/2019,Reade Creeboe,43 Mayer Park,rcreeboe2j@edublogs.org
11/19/2019,Mario Compford,704 Artisan Crossing,mcompford2k@addthis.com
2/18/2020,Kizzie Hardcastle,2936 Saint Paul Terrace,khardcastle2l@lycos.com
9/23/2019,Colin Feeham,0646 Birchwood Drive,cfeeham2m@wordpress.org
11/10/2019,Rinaldo Paulack,1277 Sutherland Crossing,rpaulack2n@google.ru
5/6/2020,Della Adrianello,2 Delaware Alley,dadrianello2o@ustream.tv
12/12/2019,Lois Swadlinge,89 Hoffman Circle,lswadlinge2p@mac.com
1/29/2020,Renado M'Chirrie,58 Sullivan Street,rmchirrie2q@irs.gov
12/2/2019,Ambrosius Duligall,51967 Grasskamp Street,aduligall2r@slashdot.org
7/19/2020,Bartlett Pales,820 Westport Drive,bpales2s@redcross.org
5/29/2020,Lucian Dimont,33 Eastwood Hill,ldimont2t@dagondesign.com
12/28/2019,Ronnica Wherry,464 Manitowish Court,rwherry2u@jigsy.com
2/7/2020,Cassandre Walding,602 Dwight Circle,cwalding2v@hao123.com
12/27/2019,Caril Sadry,91587 Portage Park,csadry2w@hhs.gov
4/12/2020,Joey Feckey,517 Truax Road,jfeckey2x@omniture.com
4/5/2020,Astrix Ortsmann,64 Victoria Point,aortsmann2y@noaa.gov
4/14/2020,Diane-marie Bugdall,1758 Hudson Way,dbugdall2z@edublogs.org
7/30/2019,Garry Mell,42144 Summer Ridge Junction,gmell30@oracle.com
10/3/2019,Annette Tegeller,8541 Summit Crossing,ategeller31@gov.uk
10/31/2019,Agosto Smiz,006 Pine View Parkway,asmiz32@forbes.com
10/11/2019,Vonnie Southcombe,748 Waywood Way,vsouthcombe33@wix.com
10/29/2019,Parry Du Plantier,668 Fair Oaks Junction,pdu34@unblog.fr
4/3/2020,Krispin Dondon,5 Schmedeman Alley,kdondon35@webeden.co.uk
9/11/2019,Bearnard Buncombe,241 Lawn Point,bbuncombe36@people.com.cn
12/17/2019,Jess Dumphries,9 Killdeer Road,jdumphries37@ask.com
1/4/2020,Lucius Gaywood,87 Weeping Birch Alley,lgaywood38@ibm.com
4/17/2020,Darby Kahen,9416 Pawling Park,dkahen39@dyndns.org
3/23/2020,Oralee Ody,9001 2nd Parkway,oody3a@state.gov
1/28/2020,Mindy de Keyser,0 Graceland Lane,mde3b@icq.com
1/4/2020,Trenna Sondland,675 Fallview Drive,tsondland3c@icq.com
2/26/2020,Lynde Prentice,82975 Forest Run Terrace,lprentice3d@netlog.com
5/29/2020,Florence Barff,83807 Schiller Park,fbarff3e@biglobe.ne.jp
5/19/2020,Buck Evens,55 Granby Alley,bevens3f@opera.com
11/9/2019,Michal Jorger,7567 Donald Crossing,mjorger3g@usa.gov
7/9/2020,Leeland Baldacchi,12487 Spohn Lane,lbaldacchi3h@live.com
3/26/2020,Cathi Phipson,505 Debra Park,cphipson3i@odnoklassniki.ru
8/29/2019,Kylynn Baitson,57866 Moland Hill,kbaitson3j@elpais.com
10/24/2019,Sisile Gingel,565 Steensland Place,sgingel3k@nba.com
2/21/2020,Morey Jillings,554 Eagan Trail,mjillings3l@wix.com
11/26/2019,Beverley Winkell,90 Beilfuss Parkway,bwinkell3m@ebay.com
7/6/2020,Kermie Lancaster,4186 Spohn Pass,klancaster3n@house.gov
2/13/2020,Deni Ponnsett,180 Bashford Lane,dponnsett3o@cnet.com
2/7/2020,Dyna Chillingworth,1 Transport Circle,dchillingworth3p@linkedin.com
3/16/2020,Yvon O'Hederscoll,1938 American Crossing,yohederscoll3q@surveymonkey.com
11/12/2019,Aurie Remmers,7057 Northland Terrace,aremmers3r@gravatar.com
4/25/2020,Shawn Rossbrook,484 Maryland Court,srossbrook3s@tripod.com
9/12/2019,Farris Ferreres,67 Dexter Terrace,fferreres3t@dyndns.org
12/11/2019,Darice Zorener,93 Steensland Hill,dzorener3u@ebay.com
8/15/2019,Magdalena Dacke,814 Dwight Junction,mdacke3v@comsenz.com
11/21/2019,Minetta Mackerel,00191 Sunnyside Court,mmackerel3w@google.com
5/31/2020,Debbie Tudbald,3316 Summit Hill,dtudbald3x@wp.com
3/3/2020,Cristina Hale,158 Oakridge Crossing,chale3y@bigcartel.com
7/22/2020,Dulciana Belchamber,978 International Road,dbelchamber3z@netvibes.com
6/7/2020,Patrick Rome,8236 Prairieview Terrace,prome40@google.com
2/15/2020,Teressa Widmoor,31 Cody Circle,twidmoor41@technorati.com
8/21/2019,Sherman Berth,9 Lake View Trail,sberth42@webnode.com
10/25/2019,Saul Turle,8 Bartelt Center,sturle43@walmart.com
4/7/2020,Nestor Jarnell,1314 Hayes Way,njarnell44@springer.com
12/8/2019,Kimmy Haythornthwaite,82 Hovde Circle,khaythornthwaite45@lulu.com
11/13/2019,Emmit Hansie,63746 Kedzie Court,ehansie46@a8.net
8/30/2019,Georgette Dinkin,5420 Bartillon Park,gdinkin47@t.co
10/17/2019,Lulu Furmagier,420 Green Road,lfurmagier48@dyndns.org
11/20/2019,Filmer Ireland,5797 Calypso Street,fireland49@behance.net
4/18/2020,Kamillah Swash,79055 Schmedeman Way,kswash4a@bloglines.com
2/24/2020,Leah Jahnel,69617 High Crossing Terrace,ljahnel4b@parallels.com
10/4/2019,Sapphire Pickaver,5 Bluejay Center,spickaver4c@tumblr.com
9/13/2019,Georgena Robertsson,399 Victoria Alley,grobertsson4d@cdbaby.com
9/16/2019,Max Bortoluzzi,62638 Butternut Lane,mbortoluzzi4e@psu.edu
1/26/2020,Tybalt Rapp,64491 Chive Pass,trapp4f@typepad.com
5/21/2020,Brunhilde Ennion,0874 Ryan Point,bennion4g@ameblo.jp
11/24/2019,Giorgia Gyurko,6374 Melody Park,ggyurko4h@360.cn
8/15/2019,Tracie Flaunier,3410 Green Ridge Terrace,tflaunier4i@who.int
7/13/2020,Ely Scritch,67732 Daystar Hill,escritch4j@uiuc.edu
12/26/2019,Ola Hendin,902 Scott Parkway,ohendin4k@sciencedaily.com
2/8/2020,Daloris Renhard,31497 Bartillon Avenue,drenhard4l@springer.com
8/25/2019,Terrance Seeks,9 Cody Crossing,tseeks4m@e-recht24.de
10/19/2019,Rosabella Pentony,6 Memorial Center,rpentony4n@adobe.com
5/7/2020,Larisa Balderson,6357 Vera Park,lbalderson4o@cocolog-nifty.com
1/12/2020,Ozzie Leathe,5532 Parkside Place,oleathe4p@redcross.org
6/4/2020,Hernando Traviss,74 Golf Course Hill,htraviss4q@linkedin.com
1/26/2020,Rafaelia Swaden,54052 Spenser Court,rswaden4r@skype.com
1/17/2020,Lamar Rigden,6638 Golf Drive,lrigden4s@pcworld.com
8/4/2019,Freddy Newlands,6 Buhler Trail,fnewlands4t@hibu.com
12/31/2019,Cher Phateplace,5 Little Fleur Park,cphateplace4u@engadget.com
5/9/2020,Jonell Kolczynski,09481 Oak Court,jkolczynski4v@yandex.ru
9/16/2019,Daile Carnell,9 Corscot Way,dcarnell4w@ihg.com
5/11/2020,Ruprecht Winsbury,5809 Eggendart Junction,rwinsbury4x@businessinsider.com
1/24/2020,Viviana Sandifer,1164 Reinke Hill,vsandifer4y@tmall.com
8/19/2019,Bryana Sparkwill,15916 Dryden Center,bsparkwill4z@blinklist.com
8/6/2019,Neale Bleackly,372 Golden Leaf Park,nbleackly50@discuz.net
9/4/2019,Edmon Skedgell,9 7th Trail,eskedgell51@wordpress.org
7/25/2020,Hank Sieghart,6402 Katie Place,hsieghart52@who.int
8/25/2019,Lotte Orpyne,5197 Swallow Road,lorpyne53@slashdot.org
5/31/2020,Rosetta McClymont,91 Merry Pass,rmcclymont54@parallels.com
12/14/2019,Nero Sandom,090 8th Place,nsandom55@blogtalkradio.com
3/14/2020,Bertrando De Blase,6978 Moulton Crossing,bde56@histats.com
1/20/2020,Leeanne Curreen,02 Tony Center,lcurreen57@nydailynews.com
7/18/2020,Cherise Bradane,959 Esker Pass,cbradane58@mtv.com
8/10/2019,Bathsheba Burnyeat,8010 Lukken Parkway,bburnyeat59@dailymotion.com
12/25/2019,Regan Cannam,095 Union Park,rcannam5a@prweb.com
10/3/2019,Webb Snoddon,56719 Eliot Alley,wsnoddon5b@blogs.com
11/10/2019,Kathryn Dungate,5195 Fieldstone Parkway,kdungate5c@ebay.com
5/30/2020,Kari Giovanizio,7 Gale Street,kgiovanizio5d@dagondesign.com
10/20/2019,Gideon Beamont,952 Ronald Regan Crossing,gbeamont5e@digg.com
8/2/2019,Melita Cristofol,3 Eastlawn Center,mcristofol5f@biglobe.ne.jp
9/1/2019,Ron Mackneis,08617 Lyons Park,rmackneis5g@wikipedia.org
10/8/2019,Hyman Sanpher,5 Fallview Way,hsanpher5h@g.co
4/8/2020,Willis Yewdall,115 Sloan Court,wyewdall5i@google.co.jp
3/26/2020,Helga Walford,8 Jana Street,hwalford5j@goodreads.com
2/15/2020,Rowe Botterill,06220 Sunbrook Junction,rbotterill5k@uiuc.edu
1/19/2020,Cherri Noto,6920 Killdeer Place,cnoto5l@techcrunch.com
4/10/2020,Valeria Theobold,704 Morrow Court,vtheobold5m@accuweather.com
10/30/2019,Gail Gulland,6 Prentice Lane,ggulland5n@google.fr
6/5/2020,Genia Ritchings,55 Oakridge Plaza,gritchings5o@nyu.edu
7/4/2020,Hestia Liffey,7 Parkside Pass,hliffey5p@devhub.com
2/16/2020,Tabbitha Kassidy,77733 Corscot Terrace,tkassidy5q@domainmarket.com
12/24/2019,Ralina Santori,4 Caliangt Circle,rsantori5r@barnesandnoble.com
11/10/2019,Bekki Staker,06776 Fordem Hill,bstaker5s@netvibes.com
12/18/2019,Samuel Sex,0 Montana Pass,ssex5t@ftc.gov
1/10/2020,Valene Comerford,524 Maryland Center,vcomerford5u@cdc.gov
10/12/2019,Val Cockshtt,665 Holmberg Hill,vcockshtt5v@over-blog.com
5/15/2020,Pepe Budleigh,0234 Merchant Junction,pbudleigh5w@biblegateway.com
6/28/2020,Ivory Abramowitz,73772 Kenwood Place,iabramowitz5x@ifeng.com
9/11/2019,Alphard Favey,38 Corscot Court,afavey5y@webmd.com
2/3/2020,Donetta Callen,100 Old Shore Terrace,dcallen5z@example.com
12/20/2019,Livvy Gladstone,31279 Trailsway Plaza,lgladstone60@csmonitor.com
10/17/2019,Juanita Elfleet,676 Esch Alley,jelfleet61@mail.ru
8/11/2019,Vic Harbidge,8994 American Terrace,vharbidge62@arstechnica.com
11/19/2019,Valentine Waddilove,67392 Jackson Way,vwaddilove63@dyndns.org
10/29/2019,Leone Seide,59 John Wall Circle,lseide64@cbc.ca
12/9/2019,Sashenka Letten,4 Merchant Street,sletten65@shinystat.com
11/30/2019,Maybelle Priestley,27559 Bonner Way,mpriestley66@reverbnation.com
10/17/2019,Lorelle Pretsell,983 Lawn Place,lpretsell67@usgs.gov
1/13/2020,Christel Sauniere,8490 Clarendon Circle,csauniere68@redcross.org
8/3/2019,Aron Rosenfield,08069 Northwestern Court,arosenfield69@state.gov
9/18/2019,Berkeley Bisley,821 Canary Crossing,bbisley6a@amazon.co.jp
8/26/2019,John Statersfield,7 Warrior Trail,jstatersfield6b@sun.com
9/10/2019,Mahmoud Ruddy,815 Armistice Circle,mruddy6c@delicious.com
11/7/2019,Berni Haglington,964 Shasta Hill,bhaglington6d@wp.com
8/13/2019,Andrea Fredson,3311 Union Road,afredson6e@sogou.com
11/29/2019,Margalo Olrenshaw,0 Springs Drive,molrenshaw6f@amazon.co.uk
12/10/2019,Adriano Mathou,2793 Delladonna Hill,amathou6g@webs.com
5/30/2020,Harriette Bisatt,2631 Clove Alley,hbisatt6h@disqus.com
2/15/2020,Jenilee Sirmon,5662 Erie Place,jsirmon6i@nps.gov
11/11/2019,Brittney Carnalan,82213 Hanover Circle,bcarnalan6j@theglobeandmail.com
7/11/2020,Coral Scoggins,1 Waxwing Circle,cscoggins6k@stanford.edu
10/12/2019,Hewett Chittim,79551 Sachs Way,hchittim6l@chronoengine.com
4/19/2020,Blake Eite,06 Lakewood Gardens Court,beite6m@geocities.jp
8/14/2019,Harmon Mapson,1 Fuller Terrace,hmapson6n@theatlantic.com
2/3/2020,Lynnett Rogeon,70364 Stone Corner Place,lrogeon6o@thetimes.co.uk
12/18/2019,Harlie Bovey,1 Stone Corner Point,hbovey6p@meetup.com
4/22/2020,Holli Davidov,48437 Fairfield Lane,hdavidov6q@netlog.com
1/11/2020,Creigh Calven,1374 Eliot Junction,ccalven6r@alibaba.com
11/29/2019,Hillary Dormer,8 Garrison Alley,hdormer6s@slate.com
6/21/2020,Paulie Richings,60 Sycamore Court,prichings6t@hubpages.com
5/13/2020,Manolo Lewendon,582 Pawling Parkway,mlewendon6u@smugmug.com
2/22/2020,Rex Mendoza,37 Kedzie Terrace,rmendoza6v@dmoz.org
6/24/2020,Richard Lassetter,03763 Bay Trail,rlassetter6w@is.gd
8/18/2019,Dorolisa Causton,4 Bartelt Court,dcauston6x@tamu.edu
10/25/2019,Kimble Hainsworth,513 Emmet Junction,khainsworth6y@arstechnica.com
3/17/2020,Jacinta Tanby,6 Moulton Lane,jtanby6z@disqus.com
12/15/2019,Georgine Cashford,128 Buell Park,gcashford70@dailymail.co.uk
1/15/2020,Eustace Quare,88 Ludington Lane,equare71@yellowpages.com
10/2/2019,Reggie Dionisi,1101 Valley Edge Hill,rdionisi72@odnoklassniki.ru
2/12/2020,Lorine Pentycross,449 Hoffman Way,lpentycross73@360.cn
7/4/2020,Rafe Rickardsson,99207 Thierer Hill,rrickardsson74@ovh.net
12/25/2019,Winnah Udell,60 Hansons Park,wudell75@topsy.com
2/6/2020,Koressa Rontsch,34944 Thompson Place,krontsch76@statcounter.com
9/14/2019,Corinne Kitchenside,36 Rowland Alley,ckitchenside77@japanpost.jp
12/2/2019,Magdalene Braybrooks,10 Dottie Lane,mbraybrooks78@drupal.org
9/14/2019,Shana Beeho,71 Kinsman Junction,sbeeho79@shutterfly.com
9/3/2019,Stern Streets,12 Gerald Terrace,sstreets7a@yahoo.co.jp
10/27/2019,Caesar Liddel,68553 Cody Avenue,cliddel7b@foxnews.com
9/17/2019,Winnie Breache,90 Truax Crossing,wbreache7c@alibaba.com
5/19/2020,Lorette Aldren,07208 Monica Plaza,laldren7d@github.com
3/8/2020,Josey Albrook,9899 Cottonwood Lane,jalbrook7e@histats.com
9/12/2019,Paula Tayler,324 Dovetail Terrace,ptayler7f@friendfeed.com
6/6/2020,Maggy Alessandrucci,8 Gateway Road,malessandrucci7g@mayoclinic.com
12/4/2019,Olimpia Waleworke,6176 Fuller Junction,owaleworke7h@mediafire.com
12/27/2019,Frederico Torbard,2513 Reinke Park,ftorbard7i@chronoengine.com
12/9/2019,Waldo Pero,88647 Badeau Circle,wpero7j@mediafire.com
8/27/2019,Danita McCamish,1 Sutteridge Court,dmccamish7k@myspace.com
5/28/2020,Tate Clifford,4862 Tony Trail,tclifford7l@microsoft.com
8/21/2019,Arney Goldman,3 Mockingbird Circle,agoldman7m@bloglovin.com
2/1/2020,Leila Jopling,19596 Sage Crossing,ljopling7n@dell.com
8/16/2019,Goraud Peirone,90 Sauthoff Crossing,gpeirone7o@yolasite.com
4/2/2020,Gran Merriott,8309 Coleman Parkway,gmerriott7p@oaic.gov.au
11/27/2019,Dallis Rising,094 Sachs Point,drising7q@home.pl
2/16/2020,Rosanna Brizland,68167 Pennsylvania Park,rbrizland7r@weibo.com
5/21/2020,Iolande Cronchey,745 Hermina Avenue,icronchey7s@google.com.br
12/17/2019,Ruth Kebbell,41 Karstens Avenue,rkebbell7t@jalbum.net
3/6/2020,Daven Lealle,5 Merry Way,dlealle7u@dagondesign.com
3/26/2020,Desiri Whoston,1 Truax Avenue,dwhoston7v@lycos.com
10/26/2019,Cozmo Comins,062 Crowley Parkway,ccomins7w@csmonitor.com
3/10/2020,Clementius Booler,5309 Jenifer Terrace,cbooler7x@phpbb.com
3/14/2020,Austin Jakubski,0 Schurz Crossing,ajakubski7y@creativecommons.org
7/3/2020,Mahmoud Mowle,52354 Novick Avenue,mmowle7z@tumblr.com
8/15/2019,Pepi Milley,42127 Montana Center,pmilley80@yelp.com
2/21/2020,Norbert Fibbens,90 Florence Point,nfibbens81@mozilla.org
3/11/2020,Hedy Bohler,528 Stone Corner Way,hbohler82@de.vu
2/15/2020,Lovell Douberday,6 Eastwood Plaza,ldouberday83@miibeian.gov.cn
8/24/2019,Rudie Caser,380 Magdeline Crossing,rcaser84@comsenz.com
12/25/2019,Hastie McKnockiter,6 Del Sol Avenue,hmcknockiter85@purevolume.com
5/16/2020,Borden Macek,2 Straubel Lane,bmacek86@marketwatch.com
11/7/2019,Vale Mayberry,55135 Old Gate Pass,vmayberry87@wsj.com
12/19/2019,Coralyn Boullen,17914 Crowley Avenue,cboullen88@google.co.jp
4/2/2020,Tootsie Biggin,21 East Center,tbiggin89@nationalgeographic.com
2/28/2020,Merrielle Worrell,5847 Steensland Avenue,mworrell8a@opera.com
11/16/2019,Tate Karby,7205 Sunfield Center,tkarby8b@chronoengine.com
7/17/2020,Rosemarie Richfield,374 Melrose Circle,rrichfield8c@xing.com
1/24/2020,Garold Dressel,553 Lerdahl Circle,gdressel8d@mozilla.org
8/1/2019,Kelly Southwell,807 Cherokee Trail,ksouthwell8e@soup.io
10/19/2019,Javier End,873 Mitchell Terrace,jend8f@wufoo.com
6/4/2020,Lauralee Covotto,6848 Upham Place,lcovotto8g@sourceforge.net
4/29/2020,Georgiana Franchi,852 Lakewood Point,gfranchi8h@msn.com
8/23/2019,Annie Slavin,043 Banding Junction,aslavin8i@tuttocitta.it
7/5/2020,Jessamyn Paffett,39 Butternut Court,jpaffett8j@hibu.com
8/15/2019,Ramsay Marlin,8 Crowley Trail,rmarlin8k@dot.gov
11/12/2019,Gene Straneo,1235 Shoshone Parkway,gstraneo8l@china.com.cn
4/13/2020,Samaria Ellicock,7 Moose Hill,sellicock8m@about.com
6/7/2020,Pauli Hembrow,6152 Merrick Circle,phembrow8n@berkeley.edu
7/15/2020,Fedora Stede,5276 Meadow Ridge Plaza,fstede8o@ftc.gov
6/3/2020,Gabe Gisborne,844 Buhler Circle,ggisborne8p@businessinsider.com
1/20/2020,Minna Dorgon,1985 Blackbird Way,mdorgon8q@geocities.jp
9/28/2019,Ginger Speachley,8630 Ludington Point,gspeachley8r@netlog.com
4/23/2020,Shelby Pigott,41098 Forest Court,spigott8s@unblog.fr
12/5/2019,Guillemette Blackleech,93322 Jay Parkway,gblackleech8t@nydailynews.com
3/22/2020,Ginnifer Pemble,411 Old Gate Way,gpemble8u@live.com
6/13/2020,Winfred Antyshev,3 Eagan Parkway,wantyshev8v@ted.com
4/20/2020,Ailee Mathey,5321 Kinsman Court,amathey8w@google.nl
10/18/2019,Marilee Klimentyev,557 Northwestern Street,mklimentyev8x@t-online.de
3/31/2020,Benetta Dafter,925 Coleman Pass,bdafter8y@bloglovin.com
11/23/2019,Tabina Cosgreave,1 North Court,tcosgreave8z@indiatimes.com
11/16/2019,Emogene MacRirie,4047 Johnson Park,emacririe90@fda.gov
11/26/2019,Brier Valentino,3 Rieder Drive,bvalentino91@ibm.com
5/28/2020,Meggi Dimitriou,1 Fisk Terrace,mdimitriou92@wunderground.com
5/28/2020,Meggi Dimitriou,1 Fisk Terrace,mdimitriou92@wunderground.com
5/28/2020,Meggi Dimitriou,1 Fisk Terrace,mdimitriou92@wunderground.com
5/4/2020,Eadie Vowell,57804 Tennyson Avenue,evowell93@mit.edu
3/21/2020,Flor Mariot,80 Ramsey Crossing,fmariot94@wikimedia.org
1/4/2020,Maryellen Bonin,24483 Daystar Street,mbonin95@stanford.edu
1/21/2020,Napoleon MacGillivrie,973 Forest Run Hill,nmacgillivrie96@digg.com
1/21/2020,Napoleon MacGillivrie,973 Forest Run Hill,nmacgillivrie96@digg.com
1/21/2020,Napoleon MacGillivrie,973 Forest Run Hill,nmacgillivrie96@digg.com
1/21/2020,Napoleon MacGillivrie,973 Forest Run Hill,nmacgillivrie96@digg.com
5/28/2020,Orran Tedstone,0033 Memorial Terrace,otedstone97@chronoengine.com
12/17/2019,Kassie Danzey,6863 Hoepker Lane,kdanzey98@over-blog.com
12/27/2019,Tommie Gussie,61 Orin Trail,tgussie99@unc.edu
3/25/2020,Bill Armatage,48399 Continental Avenue,barmatage9a@unicef.org
5/31/2020,Gwen Zapata,76 South Point,gzapata9b@npr.org
5/31/2020,Gwen Zapata,76 South Point,gzapata9b@npr.org
5/31/2020,Gwen Zapata,76 South Point,gzapata9b@npr.org
5/31/2020,Gwen Zapata,76 South Point,gzapata9b@npr.org
5/31/2020,Gwen Zapata,76 South Point,gzapata9b@npr.org
5/31/2020,Gwen Zapata,76 South Point,gzapata9b@npr.org
5/31/2020,Gwen Zapata,76 South Point,gzapata9b@npr.org
5/31/2020,Gwen Zapata,76 South Point,gzapata9b@npr.org
7/11/2020,Odetta Blaymires,8 Browning Place,oblaymires9c@desdev.cn
12/11/2019,Maddie Grivori,4 Walton Court,mgrivori9d@gmpg.org
1/31/2020,Etan Schirak,2 Old Shore Hill,eschirak9e@geocities.jp
12/16/2019,Charo Upham,623 Butterfield Point,cupham9f@creativecommons.org
11/30/2019,Joeann Lyptrit,17186 Oak Valley Parkway,jlyptrit9g@biglobe.ne.jp
1/3/2020,Dennet Danher,22 Magdeline Pass,ddanher9h@constantcontact.com
4/8/2020,Casie Collacombe,7689 Express Parkway,ccollacombe9i@simplemachines.org
4/8/2020,Casie Collacombe,7689 Express Parkway,ccollacombe9i@simplemachines.org
4/8/2020,Casie Collacombe,7689 Express Parkway,ccollacombe9i@simplemachines.org
10/10/2019,Ferdinanda Cartin,7 Cherokee Place,fcartin9j@skype.com
3/29/2020,Sarajane Hayzer,89 Thierer Plaza,shayzer9k@miibeian.gov.cn
8/10/2019,Nesta Eland,2346 Dakota Crossing,neland9l@imdb.com
3/17/2020,Bibi Pontain,23028 Victoria Road,bpontain9m@issuu.com
6/3/2020,Lamond Splevin,32 Starling Road,lsplevin9n@deliciousdays.com
9/18/2019,Riannon Beggi,22 Mcbride Court,rbeggi9o@google.com.au
1/7/2020,Sarah Smaling,60 Vahlen Plaza,ssmaling9p@stanford.edu
10/30/2019,Caro Tate,8259 Holy Cross Pass,ctate9q@cdbaby.com
12/23/2019,Marlena Mazella,6 Sheridan Trail,mmazella9r@nymag.com
5/15/2020,Adi Sebring,396 Glendale Crossing,asebring9s@admin.ch
7/26/2020,Eugenio Salaman,87 Goodland Center,esalaman9t@chron.com
3/18/2020,Ax Dron,052 Ridge Oak Center,adron9u@craigslist.org
10/10/2019,Emmanuel Seviour,3 Rowland Park,eseviour9v@deviantart.com
6/29/2020,Myer Dufton,5455 Melvin Plaza,mdufton9w@weebly.com
6/29/2020,Myer Dufton,5455 Melvin Plaza,mdufton9w@weebly.com
6/29/2020,Myer Dufton,5455 Melvin Plaza,mdufton9w@weebly.com
6/29/2020,Myer Dufton,5455 Melvin Plaza,mdufton9w@weebly.com
12/6/2019,Nata D'Agostini,7 Forest Run Way,ndagostini9x@apple.com
1/30/2020,Candida Holbury,5 Roxbury Road,cholbury9y@ebay.co.uk
3/28/2020,Alick Frank,5 Sherman Alley,afrank9z@time.com
8/28/2019,Auguste Lamp,6 Pond Trail,alampa0@newyorker.com
9/25/2019,Daniel Massingberd,83 Donald Street,dmassingberda1@tinypic.com
12/23/2019,Jeffry Vogt,12477 Birchwood Place,jvogta2@google.de
4/27/2020,Cchaddie Franca,759 Sunbrook Terrace,cfrancaa3@last.fm
12/26/2019,Elvera Brody,908 Buena Vista Road,ebrodya4@twitter.com
9/7/2019,Chris Millis,43 Homewood Plaza,cmillisa5@unicef.org
3/17/2020,Cash Code,33785 Randy Alley,ccodea6@tripod.com
5/14/2020,Cristie Goggan,735 Monterey Terrace,cgoggana7@census.gov
1/11/2020,Harmonie Bergeau,526 Kingsford Lane,hbergeaua8@webmd.com
2/13/2020,Eve Guiett,5 Pleasure Hill,eguietta9@clickbank.net
9/5/2019,Alphonse Bugge,5 Bay Center,abuggeaa@auda.org.au
11/6/2019,Nanete Rumming,69 Rusk Way,nrummingab@redcross.org
2/12/2020,Belinda Gouly,5 Mayfield Drive,bgoulyac@com.com
9/17/2019,Ivett Westcott,1 Lawn Avenue,iwestcottad@microsoft.com
8/31/2019,Hesther McDaid,13 Farwell Junction,hmcdaidae@timesonline.co.uk
9/26/2019,Norry Hassan,24665 Main Way,nhassanaf@gravatar.com
7/23/2020,Agna Sweynson,87672 Lake View Avenue,asweynsonag@tiny.cc
7/19/2020,Coral Macrow,23 Dennis Parkway,cmacrowah@jiathis.com
7/5/2020,Caleb Connelly,94537 Kipling Pass,cconnellyai@mac.com
3/18/2020,Virginia Marron,119 Sunbrook Lane,vmarronaj@arstechnica.com
6/8/2020,Alano Vanstone,54 Farmco Parkway,avanstoneak@blog.com
3/13/2020,Henry Beatey,527 Bunker Hill Street,hbeateyal@theatlantic.com
2/16/2020,Thatch Joules,306 Laurel Circle,tjoulesam@51.la
2/16/2020,Willamina McGettrick,6 Fairview Plaza,wmcgettrickan@ca.gov
2/15/2020,Carla Woolvin,8 Iowa Drive,cwoolvinao@blogs.com
1/11/2020,Mace Kender,34015 Wayridge Terrace,mkenderap@goodreads.com
11/9/2019,Lesli Pyner,6739 Meadow Vale Point,lpyneraq@google.com.hk
11/16/2019,Onfre Pepin,35950 Upham Way,opepinar@soup.io
6/7/2020,Harriett Carbery,637 Bartillon Avenue,hcarberyas@hatena.ne.jp
4/24/2020,Jacquelyn Artis,326 Carey Avenue,jartisat@reverbnation.com
1/10/2020,Hatty Passey,41 Merry Park,hpasseyau@netvibes.com
11/15/2019,Hubey Gludor,2 Moland Terrace,hgludorav@fema.gov
3/22/2020,Chicky Uttridge,086 Village Circle,cuttridgeaw@yelp.com
3/26/2020,Barri Bruckental,6 Cascade Court,bbruckentalax@baidu.com
4/9/2020,Kizzie Turpey,12 Boyd Terrace,kturpeyay@google.pl
5/30/2020,Amity Semarke,51 Dunning Hill,asemarkeaz@skype.com
2/20/2020,Horatio Cammidge,8 Steensland Center,hcammidgeb0@wufoo.com
3/30/2020,Samaria Moland,47 Oak Crossing,smolandb1@sbwire.com
5/17/2020,Edita Peddowe,84 Darwin Terrace,epeddoweb2@printfriendly.com
4/29/2020,Emalee Madeley,5 Corben Hill,emadeleyb3@deliciousdays.com
2/29/2020,Marci Licence,5230 Sheridan Circle,mlicenceb4@ifeng.com
7/9/2020,Bernie Chetter,5543 Aberg Circle,bchetterb5@slashdot.org
11/3/2019,Carie Neward,47 Monterey Crossing,cnewardb6@purevolume.com
1/30/2020,Tann Leafe,7 Knutson Junction,tleafeb7@google.com
8/27/2019,Gisela Blazi,1123 Jenna Way,gblazib8@bandcamp.com
8/6/2019,Winfred Gerkens,461 Norway Maple Trail,wgerkensb9@1und1.de
11/1/2019,Casar Jenteau,52636 Knutson Pass,cjenteauba@wsj.com
9/18/2019,Theresita Morl,550 Forest Court,tmorlbb@angelfire.com
7/14/2020,Roland Elliss,57 Merchant Way,rellissbc@mlb.com
3/2/2020,Lowe Thornally,83462 Dayton Junction,lthornallybd@buzzfeed.com
5/2/2020,Lay Tilt,5093 Birchwood Point,ltiltbe@deliciousdays.com
3/15/2020,Jamey Genner,7 Montana Road,jgennerbf@weather.com
2/12/2020,Vinny Boarer,1 6th Trail,vboarerbg@delicious.com
9/21/2019,Batholomew Stangroom,7 Truax Street,bstangroombh@twitpic.com
9/1/2019,Andromache Gomme,8 Helena Drive,agommebi@mtv.com
3/27/2020,Lelia Mullinger,91285 Carpenter Parkway,lmullingerbj@surveymonkey.com
10/23/2019,Johannes Hovel,55 Scofield Pass,jhovelbk@noaa.gov
8/12/2019,Zebulon Blaber,15427 Derek Way,zblaberbl@unc.edu
10/11/2019,Anne-corinne Seaton,42 Golden Leaf Lane,aseatonbm@mozilla.org
4/3/2020,Gordie Seville,57 Magdeline Lane,gsevillebn@drupal.org
4/13/2020,Kathye Wybron,7755 Coolidge Way,kwybronbo@printfriendly.com
10/15/2019,Stacie Hightown,02449 Corben Drive,shightownbp@vimeo.com
8/25/2019,Grata Findlater,627 Lerdahl Circle,gfindlaterbq@about.com
10/21/2019,Nial Morling,5052 Fuller Place,nmorlingbr@utexas.edu
5/27/2020,Broddie Greenroyd,40200 Clove Pass,bgreenroydbs@usda.gov
9/5/2019,Rafa Kelston,110 Prairieview Place,rkelstonbt@yelp.com
2/3/2020,Angy Hoble,0678 Maple Wood Trail,ahoblebu@google.com.br
8/12/2019,Ardine Issard,228 Commercial Place,aissardbv@chicagotribune.com
1/1/2020,Floria Purchase,940 Everett Circle,fpurchasebw@gizmodo.com
8/17/2019,Sissie Addicott,6 Sutherland Lane,saddicottbx@addtoany.com
4/19/2020,Cindee Lovstrom,9332 Waywood Junction,clovstromby@whitehouse.gov
7/13/2020,Andie Beloe,357 Northwestern Plaza,abeloebz@shop-pro.jp
1/10/2020,Guendolen Paley,03747 Rigney Alley,gpaleyc0@woothemes.com
12/12/2019,Gabe Cable,676 Golf View Hill,gcablec1@java.com
6/4/2020,Darice Common,23562 Springview Drive,dcommonc2@amazon.co.uk
11/27/2019,Halette Fell,4 Fisk Drive,hfellc3@whitehouse.gov
3/11/2020,Venus Kidds,7912 Dovetail Alley,vkiddsc4@reference.com
12/31/2019,Rodge Nalder,33956 Rockefeller Point,rnalderc5@t-online.de
8/27/2019,Sophie FitzGilbert,6 Longview Way,sfitzgilbertc6@ft.com
12/4/2019,Myron Meeus,28771 Clarendon Pass,mmeeusc7@barnesandnoble.com
9/13/2019,Wendy Dudleston,88456 Hovde Junction,wdudlestonc8@admin.ch
9/27/2019,Ula Ballingal,575 Annamark Point,uballingalc9@blogtalkradio.com
6/19/2020,Mario Wrates,4 Montana Park,mwratesca@google.co.jp
10/11/2019,Noell Temlett,8544 Clarendon Point,ntemlettcb@census.gov
5/28/2020,Mattheus Cuddehay,8 Morrow Center,mcuddehaycc@springer.com
5/25/2020,Jaymee Benstead,89796 Milwaukee Plaza,jbensteadcd@mayoclinic.com
1/22/2020,Lewie Muggach,7 Clarendon Alley,lmuggachce@nyu.edu
3/18/2020,Rosanna Baulk,392 Sommers Alley,rbaulkcf@skyrock.com
1/12/2020,Shelby McGreary,5 Fulton Junction,smcgrearycg@oaic.gov.au
5/22/2020,Ceciley Sibly,448 Maryland Way,csiblych@wikipedia.org
7/23/2020,Monika Andres,34614 Summerview Center,mandresci@cloudflare.com
7/22/2020,Morgen Leppington,337 Swallow Hill,mleppingtoncj@indiegogo.com
10/29/2019,Glen Moffett,56992 5th Place,gmoffettck@google.com.au
3/10/2020,Pall De Giovanni,039 Dapin Circle,pdecl@qq.com
9/29/2019,Muffin Lilburne,26287 Artisan Center,mlilburnecm@tripod.com
4/9/2020,Mercedes Flacke,723 Schurz Circle,mflackecn@linkedin.com
10/21/2019,Ario Westfield,6125 Duke Parkway,awestfieldco@sun.com
12/27/2019,Chicky Leachman,4 John Wall Pass,cleachmancp@squidoo.com
11/18/2019,Noll Syversen,14 Buhler Plaza,nsyversencq@biglobe.ne.jp
4/25/2020,Clair Alejandro,48 Summerview Lane,calejandrocr@vimeo.com
9/9/2019,Dewitt Pancost,3668 Morning Street,dpancostcs@unc.edu
11/2/2019,Liuka Mendus,26692 Grasskamp Avenue,lmendusct@narod.ru
2/20/2020,Kori Gellett,7340 Killdeer Center,kgellettcu@com.com
10/28/2019,Akim Manuello,911 Melody Avenue,amanuellocv@discuz.net
5/9/2020,Lil Dulinty,830 Bellgrove Plaza,ldulintycw@shinystat.com
5/29/2020,Rurik Stebbings,71 Sugar Hill,rstebbingscx@liveinternet.ru
10/11/2019,Dorie Wagen,60 Corben Park,dwagency@miitbeian.gov.cn
2/27/2020,Sada Cozens,997 Dahle Crossing,scozenscz@stanford.edu
4/18/2020,Udale Woodall,08600 Twin Pines Plaza,uwoodalld0@drupal.org
2/29/2020,Lionello Sweatman,47454 Boyd Road,lsweatmand1@addthis.com
3/30/2020,Sarina O'Carrol,6673 Nobel Plaza,socarrold2@senate.gov
2/14/2020,Esther O'Nion,396 Ridgeview Court,eoniond3@so-net.ne.jp
4/28/2020,Jamal Prestedge,409 Warner Way,jprestedged4@umich.edu
12/31/2019,Martina Riddles,58 Red Cloud Street,mriddlesd5@hao123.com
7/22/2020,Celestia Bulman,30 Sherman Hill,cbulmand6@hatena.ne.jp
4/4/2020,Cull Klaus,3528 Hooker Parkway,cklausd7@whitehouse.gov
4/7/2020,Shaughn Latchford,906 Old Gate Place,slatchfordd8@desdev.cn
12/4/2019,Roth Gutherson,4158 Clarendon Center,rguthersond9@java.com
5/26/2020,Emogene Han,60 Golden Leaf Street,ehanda@diigo.com
4/27/2020,Evan Leask,05 Merrick Road,eleaskdb@yale.edu
3/30/2020,Carmita Tomson,1 Marcy Avenue,ctomsondc@cargocollective.com
9/1/2019,Drucill Matiewe,2984 Starling Way,dmatiewedd@nba.com
4/12/2020,Erin Prosch,61177 Sheridan Parkway,eproschde@myspace.com
10/28/2019,Niki Brunini,151 Acker Place,nbruninidf@xing.com
10/31/2019,Durant Henker,237 Springs Avenue,dhenkerdg@nih.gov
7/14/2020,Elise Conrath,0060 Crowley Park,econrathdh@wufoo.com
9/28/2019,Vally Hadden,038 Maple Trail,vhaddendi@clickbank.net
8/15/2019,Merralee Minerdo,64 Everett Crossing,mminerdodj@soundcloud.com
6/5/2020,Preston Arrandale,9328 Red Cloud Plaza,parrandaledk@phpbb.com
3/16/2020,Kalinda Shorey,174 Rieder Street,kshoreydl@webmd.com
10/15/2019,Nial Hourahan,0 Grim Lane,nhourahandm@alibaba.com
5/8/2020,Earlie McLagain,3900 Fairfield Lane,emclagaindn@kickstarter.com
6/27/2020,Francyne Faucherand,9970 Elgar Avenue,ffaucheranddo@nps.gov
5/16/2020,Fabe Shakelady,19 Washington Hill,fshakeladydp@unblog.fr
1/2/2020,Mari Braunroth,2 Annamark Plaza,mbraunrothdq@ycombinator.com
4/20/2020,Myrtle Almak,1 Reinke Trail,malmakdr@tripadvisor.com
8/15/2019,Nalani Linbohm,7 West Alley,nlinbohmds@bluehost.com
2/7/2020,Ruperto Bothe,2311 Sullivan Hill,rbothedt@usgs.gov
11/7/2019,Porty Shields,12 Raven Lane,pshieldsdu@timesonline.co.uk
7/16/2020,Toddy Bedder,3 Luster Avenue,tbedderdv@addthis.com
11/30/2019,Maribelle Davie,8 Brickson Park Way,mdaviedw@nifty.com
1/6/2020,Maible Paulat,48 Swallow Street,mpaulatdx@cbslocal.com
5/24/2020,Brade Pretor,8 Springs Center,bpretordy@reddit.com
7/11/2020,Shermy Openshaw,0524 Butternut Avenue,sopenshawdz@pagesperso-orange.fr
6/16/2020,Ophelie Tarpey,0876 Eagan Street,otarpeye0@deliciousdays.com
4/5/2020,Drucie Minkin,778 Huxley Park,dminkine1@csmonitor.com
2/24/2020,Lorianne Teenan,448 Stoughton Center,lteenane2@sitemeter.com
12/3/2019,Karoly Filipputti,46705 Melrose Terrace,kfilipputtie3@goodreads.com
9/20/2019,Cecily Gerlack,53 Bayside Junction,cgerlacke4@google.ca
1/6/2020,Lemmie Cavan,0 Jenna Parkway,lcavane5@issuu.com
12/16/2019,Salome Kohrs,3 Jackson Place,skohrse6@friendfeed.com
4/16/2020,Emmy Probbings,00 Lindbergh Hill,eprobbingse7@fc2.com
9/4/2019,Nye Sidgwick,29 Crest Line Parkway,nsidgwicke8@ft.com
6/20/2020,Weidar Haburne,7719 Division Center,whaburnee9@aol.com
8/5/2019,Cheslie Jakovijevic,3736 Cody Center,cjakovijevicea@moonfruit.com
2/8/2020,Randie Janodet,6 Autumn Leaf Trail,rjanodeteb@quantcast.com
2/12/2020,James Bastistini,027 Fisk Point,jbastistiniec@360.cn
10/11/2019,Daryl Tennick,9192 Hudson Hill,dtennicked@wordpress.com
3/7/2020,Ericka Morphey,0 Weeping Birch Crossing,emorpheyee@usa.gov
6/23/2020,Margarita Freeland,76044 Nova Way,mfreelandef@domainmarket.com
5/30/2020,Reamonn Dilrew,595 Hoffman Court,rdilreweg@indiegogo.com
8/1/2019,Giustina de Quincey,29594 Westport Terrace,gdeeh@go.com
3/19/2020,Annalise Crosson,0267 2nd Road,acrossonei@xinhuanet.com
2/4/2020,Shaun Robelin,869 Messerschmidt Alley,srobelinej@indiegogo.com
2/17/2020,Waverly Lock,6086 Tony Trail,wlockek@cbc.ca
6/16/2020,Filberto Shawyers,9177 Anthes Avenue,fshawyersel@friendfeed.com
12/27/2019,Baudoin MacGaffey,60 Nancy Way,bmacgaffeyem@shinystat.com
10/2/2019,Louisette Moggach,0 New Castle Terrace,lmoggachen@mozilla.org
9/10/2019,Galina McAteer,47614 Twin Pines Street,gmcateereo@phoca.cz
2/15/2020,Gar Yarr,2 Northland Center,gyarrep@ed.gov
11/12/2019,Moyra Sennett,947 Hayes Crossing,msennetteq@is.gd
12/22/2019,Darb Kinker,32035 Maywood Street,dkinkerer@myspace.com
1/30/2020,Dacie Demeter,25828 Lindbergh Center,ddemeteres@stanford.edu
11/28/2019,Silvain Shuard,7 Anzinger Park,sshuardet@blogspot.com
1/17/2020,Eberhard Domelow,3071 Redwing Point,edomeloweu@icio.us
7/11/2020,Sonny Sambath,3809 Southridge Park,ssambathev@soup.io
2/1/2020,Katleen McJarrow,927 Ridge Oak Parkway,kmcjarrowew@hostgator.com
3/12/2020,Ginny Smoth,5 Melrose Place,gsmothex@wikimedia.org
4/28/2020,Lillis Bradman,01 Granby Hill,lbradmaney@prnewswire.com
12/7/2019,Giustino Denkin,06141 Northwestern Plaza,gdenkinez@ehow.com
7/23/2020,Darn Sporgeon,65416 Saint Paul Crossing,dsporgeonf0@ucla.edu
9/1/2019,Lacee Roddan,450 Cardinal Way,lroddanf1@twitter.com
3/22/2020,Bron Sedger,734 Oneill Park,bsedgerf2@theguardian.com
12/7/2019,Anthony Abramchik,6784 Messerschmidt Alley,aabramchikf3@blinklist.com
2/13/2020,Juliette Minett,1688 Esker Hill,jminettf4@apache.org
10/10/2019,Bernardine Lowing,01 Banding Crossing,blowingf5@amazon.de
11/15/2019,Cacilia Duiguid,418 Leroy Parkway,cduiguidf6@networkadvertising.org
1/3/2020,Malvina McGurn,902 Longview Way,mmcgurnf7@washingtonpost.com
8/10/2019,Robinson Parnall,9538 Sherman Point,rparnallf8@free.fr
1/3/2020,Jacobo Cranshaw,74 Dennis Plaza,jcranshawf9@is.gd
11/14/2019,Sandy Orys,9 Pepper Wood Avenue,sorysfa@newyorker.com
1/26/2020,Armstrong Gockelen,1 Nancy Terrace,agockelenfb@mashable.com
6/7/2020,Greer Westmorland,98 Warbler Junction,gwestmorlandfc@miibeian.gov.cn
11/3/2019,Napoleon Edgerly,210 Doe Crossing Parkway,nedgerlyfd@smh.com.au
1/4/2020,Zonnya Parradine,8549 Columbus Court,zparradinefe@yelp.com
3/8/2020,Ezechiel Parrett,7667 Schurz Street,eparrettff@surveymonkey.com
8/4/2019,Chryste Swaysland,9 Porter Road,cswayslandfg@time.com
10/10/2019,Star Birkinshaw,161 Pawling Street,sbirkinshawfh@smugmug.com
5/13/2020,Wilmar Pawellek,7 Vahlen Lane,wpawellekfi@posterous.com
9/11/2019,Cob Christy,49386 Monument Hill,cchristyfj@cargocollective.com
9/27/2019,Mahmoud Beche,88 Hauk Avenue,mbechefk@youtube.com
8/26/2019,Corabella Hothersall,7 Shelley Court,chothersallfl@cmu.edu
3/28/2020,Benjie Hollindale,62 Comanche Court,bhollindalefm@typepad.com
3/1/2020,Corrinne Scawn,65 Bunker Hill Junction,cscawnfn@earthlink.net
9/19/2019,Bryant deKnevet,4 Vahlen Street,bdeknevetfo@ted.com
9/4/2019,Claude Dawby,2345 Southridge Trail,cdawbyfp@virginia.edu
6/6/2020,Carolyn Orrice,9 Waywood Street,corricefq@myspace.com
8/19/2019,Maribelle Frenzl,693 Manitowish Drive,mfrenzlfr@theguardian.com
3/21/2020,Shellysheldon Coltart,27467 Southridge Point,scoltartfs@devhub.com
8/26/2019,Lynnet Wenderott,159 Warrior Avenue,lwenderottft@engadget.com
8/14/2019,Evy Franchioni,31227 Columbus Point,efranchionifu@oakley.com
8/2/2019,Lezley Dayes,6100 Vera Way,ldayesfv@hp.com
2/16/2020,Maribelle Musgrave,14133 Fulton Circle,mmusgravefw@twitpic.com
8/1/2019,Terrijo Bagott,0 Anderson Place,tbagottfx@mediafire.com
7/21/2020,Nicola Heathcoat,0 Meadow Valley Road,nheathcoatfy@latimes.com
11/5/2019,Trent Brumfield,3144 Bluejay Drive,tbrumfieldfz@odnoklassniki.ru
3/8/2020,Skipton Lamplough,56277 Northridge Junction,slamploughg0@time.com
8/13/2019,Audrye Beautyman,72 Mayer Park,abeautymang1@ca.gov
1/2/2020,Lesli Wayne,28 Cambridge Plaza,lwayneg2@ocn.ne.jp
6/21/2020,Loydie Barnardo,79768 Kim Junction,lbarnardog3@nationalgeographic.com
3/17/2020,Marjy Briant,284 Crowley Street,mbriantg4@adobe.com
3/6/2020,Desiree Marty,4 Talmadge Pass,dmartyg5@cocolog-nifty.com
5/16/2020,Evelina De Beauchemp,67 Armistice Park,edeg6@webmd.com
11/16/2019,Jess Ballston,684 Glacier Hill Place,jballstong7@people.com.cn
5/16/2020,Margot Guiduzzi,3408 Vernon Junction,mguiduzzig8@tmall.com
2/18/2020,Dory Hamman,162 Bay Street,dhammang9@acquirethisname.com
1/13/2020,Mikkel Kirtland,3957 Ronald Regan Court,mkirtlandga@japanpost.jp
11/15/2019,Rockie Dagnall,78391 Holmberg Plaza,rdagnallgb@phoca.cz
11/7/2019,Layla Siss,6664 Warner Trail,lsissgc@myspace.com
5/14/2020,Valentia Erdes,12755 Corben Way,verdesgd@mlb.com
2/3/2020,Daisi Jacobson,581 Division Court,djacobsonge@tinypic.com
9/29/2019,Stacia Ledekker,13442 Gulseth Parkway,sledekkergf@ihg.com
11/21/2019,Danette Shalloo,78 Magdeline Way,dshalloogg@webmd.com
2/12/2020,Grenville Hasker,5527 Mccormick Center,ghaskergh@wikipedia.org
10/30/2019,Tait Smallpeace,40 Farmco Pass,tsmallpeacegi@cyberchimps.com
1/13/2020,Saloma Birkinshaw,78739 Sutteridge Place,sbirkinshawgj@thetimes.co.uk
2/9/2020,Francis Pirie,21 Eagle Crest Center,fpiriegk@booking.com
1/7/2020,Hewett Peevor,01382 Dayton Terrace,hpeevorgl@cdc.gov
3/24/2020,Augusto Parysowna,227 Ilene Alley,aparysownagm@yahoo.com
7/6/2020,Hayden Crayk,8 Calypso Court,hcraykgn@google.fr
9/18/2019,Raffaello Bridgwood,4 Tony Point,rbridgwoodgo@npr.org
10/4/2019,Flor Starmont,78 Mifflin Trail,fstarmontgp@taobao.com
7/2/2020,Link Christescu,3 Hoffman Junction,lchristescugq@hao123.com
3/16/2020,Stacy Garrals,95 Stoughton Pass,sgarralsgr@cocolog-nifty.com
1/11/2020,Odelia Perham,50281 Vernon Hill,operhamgs@google.de
10/10/2019,Vivien Scamerden,5 Vahlen Way,vscamerdengt@jugem.jp
11/14/2019,Francis Roblett,4 Dottie Pass,froblettgu@census.gov
8/30/2019,Vally Wych,3496 Stoughton Drive,vwychgv@mit.edu
9/25/2019,Stephie Sweeting,5723 Linden Center,ssweetinggw@fema.gov
7/25/2020,Igor Allon,87 Shopko Crossing,iallongx@furl.net
3/2/2020,Rozele Reiner,68574 Transport Plaza,rreinergy@weather.com
1/19/2020,Maryanne Zamudio,2357 Schiller Park,mzamudiogz@google.ru
12/18/2019,Tannie Eaglestone,769 Jackson Street,teaglestoneh0@quantcast.com
11/16/2019,Bren Donson,7074 Kensington Crossing,bdonsonh1@ed.gov
6/11/2020,Robyn Strood,490 Hanover Parkway,rstroodh2@reddit.com
7/13/2020,Dalton Brown,8551 Melody Terrace,dbrownh3@paypal.com
6/3/2020,Ruperta Ludgrove,08 Washington Road,rludgroveh4@booking.com
12/7/2019,Glenn Ewestace,31 Waxwing Way,gewestaceh5@ebay.com
12/24/2019,Christopher Birley,498 Pennsylvania Park,cbirleyh6@toplist.cz
6/12/2020,Colline Beverstock,33 Parkside Way,cbeverstockh7@youtube.com
4/26/2020,Vittoria Eatherton,31 Miller Junction,veathertonh8@de.vu
6/25/2020,Iorgos Fantini,10 Ohio Lane,ifantinih9@canalblog.com
4/7/2020,Othelia MacGovern,091 Blaine Plaza,omacgovernha@hc360.com
6/5/2020,Cam Mordon,0696 American Ash Way,cmordonhb@si.edu
1/23/2020,Chelsy Jacobssen,853 Bowman Street,cjacobssenhc@purevolume.com
12/4/2019,Jaymee Peepall,73463 Grayhawk Center,jpeepallhd@jugem.jp
10/5/2019,Engelbert Eastop,0248 Hudson Street,eeastophe@unicef.org
8/7/2019,Ive Wix,17 Farmco Terrace,iwixhf@mysql.com
9/3/2019,Aaren Crayke,08 Iowa Parkway,acraykehg@elpais.com
1/30/2020,Maddy Sodor,843 Lyons Parkway,msodorhh@booking.com
9/20/2019,Lishe Chason,49 Hazelcrest Place,lchasonhi@live.com
6/16/2020,Elsi Francisco,13191 Knutson Terrace,efranciscohj@gizmodo.com
8/31/2019,Yardley Soppeth,411 7th Park,ysoppethhk@uiuc.edu
7/8/2020,Agnes Eick,00 5th Trail,aeickhl@vk.com
11/4/2019,Jacquelynn Fishly,9793 Donald Circle,jfishlyhm@slate.com
2/25/2020,Bjorn Smouten,35909 Marcy Hill,bsmoutenhn@jugem.jp
11/25/2019,Jobyna Balazot,51 Northport Pass,jbalazotho@miibeian.gov.cn
2/25/2020,Courtnay Shinner,28017 Lukken Crossing,cshinnerhp@mtv.com
11/12/2019,Sidoney Keasey,544 Forest Dale Crossing,skeaseyhq@webnode.com
5/30/2020,Wendie Hacksby,521 Loeprich Junction,whacksbyhr@mtv.com
3/30/2020,Meredith Mc Mechan,947 International Trail,mmchs@geocities.jp
4/22/2020,Eziechiele De Ruel,30103 Melody Avenue,edeht@feedburner.com
10/12/2019,Artie Dingwall,87 Lotheville Terrace,adingwallhu@sfgate.com
9/16/2019,Persis Le Claire,7 Holmberg Park,plehv@jiathis.com
12/27/2019,Burtie Shawley,25 Golf View Road,bshawleyhw@un.org
1/12/2020,Antonius Nuccii,04 Talmadge Road,anucciihx@nps.gov
10/27/2019,Wilie Martynikhin,64 Shelley Street,wmartynikhinhy@reference.com
5/9/2020,Leeann Sparway,3 Stoughton Center,lsparwayhz@samsung.com
5/12/2020,Winfred Traher,440 Hudson Parkway,wtraheri0@gizmodo.com
5/23/2020,Amelina Lackemann,8 Starling Road,alackemanni1@ucoz.com
11/8/2019,Homerus Treweke,3847 Maple Pass,htrewekei2@cloudflare.com
6/30/2020,Patton Inker,1 Orin Terrace,pinkeri3@pagesperso-orange.fr
5/6/2020,Isaac Mallebone,712 Blackbird Place,imallebonei4@umn.edu
2/29/2020,Gardy Sword,8 Mosinee Court,gswordi5@t-online.de
8/5/2019,Wood Howden,08280 Bunting Hill,whowdeni6@friendfeed.com
1/17/2020,Filip Ovendale,189 Northview Trail,fovendalei7@webmd.com
5/21/2020,Ronni Dealy,422 Myrtle Center,rdealyi8@wunderground.com
11/6/2019,Bink Letertre,609 Forest Pass,bletertrei9@addthis.com
9/22/2019,Tiffanie Fitzsimon,68 Karstens Trail,tfitzsimonia@facebook.com
4/30/2020,Arabele Custard,5238 Armistice Court,acustardib@google.nl
7/8/2020,My Hanhart,77 Novick Plaza,mhanhartic@is.gd
1/29/2020,Louisa Teasell,9 Commercial Way,lteasellid@godaddy.com
7/1/2020,Gay Ramsted,5062 Buhler Junction,gramstedie@artisteer.com
3/17/2020,Damon Hordle,8959 Rockefeller Road,dhordleif@yolasite.com
10/19/2019,Lonnie Cristofori,5 1st Park,lcristoforiig@pen.io
12/23/2019,Katie Shoppee,000 American Ash Street,kshoppeeih@theatlantic.com
10/19/2019,Trevor Halston,29431 Prentice Lane,thalstonii@google.com.br
10/23/2019,Jobey Berzon,56136 Packers Hill,jberzonij@imdb.com
4/18/2020,Kendall Gabites,02787 Sheridan Trail,kgabitesik@elegantthemes.com
6/18/2020,Chaunce Lonie,98953 Bluejay Avenue,clonieil@cbslocal.com
12/6/2019,Logan Deny,7842 Mitchell Trail,ldenyim@theatlantic.com
8/10/2019,Ericha Tidgewell,01849 Sundown Court,etidgewellin@soundcloud.com
2/15/2020,Berkly Kennham,492 Carioca Plaza,bkennhamio@youku.com
11/27/2019,Allianora Langley,8658 Arkansas Circle,alangleyip@goo.ne.jp
10/25/2019,Shelbi Rilton,7 Northport Place,sriltoniq@gravatar.com
7/4/2020,Evania Dorrance,54 Johnson Road,edorranceir@intel.com
10/12/2019,Andriana Corhard,1 Corscot Circle,acorhardis@google.it
6/28/2020,Boigie Doncom,8495 Moose Place,bdoncomit@unc.edu
10/1/2019,Evyn Screeton,2 Moose Place,escreetoniu@disqus.com
2/27/2020,Thekla Suscens,326 Petterle Avenue,tsuscensiv@adobe.com
5/18/2020,Alexandr McCormick,34964 Texas Crossing,amccormickiw@networksolutions.com
5/6/2020,Hamnet Lumbly,5330 Donald Terrace,hlumblyix@ihg.com
7/14/2020,Alfi Standage,65 Lakewood Street,astandageiy@usgs.gov
10/30/2019,Kamilah Carff,94 Weeping Birch Hill,kcarffiz@t-online.de
7/9/2020,Linell Hake,52672 Harbort Avenue,lhakej0@nature.com
11/22/2019,Christye Dogerty,65 Evergreen Hill,cdogertyj1@nydailynews.com
2/7/2020,Osbert Trusler,3244 East Park,otruslerj2@mozilla.com
12/5/2019,Annissa Maltster,6 Cherokee Court,amaltsterj3@e-recht24.de
1/25/2020,Merna Lampke,6231 Hooker Drive,mlampkej4@cdbaby.com
8/30/2019,Paula Lattie,44 Texas Hill,plattiej5@bloglovin.com
1/1/2020,Abba Roller,0 Sullivan Road,arollerj6@spiegel.de
5/25/2020,Alfred Arson,1 Springs Lane,aarsonj7@free.fr
8/24/2019,Gaylor Rodwell,284 La Follette Road,grodwellj8@vinaora.com
11/2/2019,Tory Mewhirter,8467 Basil Avenue,tmewhirterj9@ftc.gov
9/14/2019,Noel Aronow,14 Riverside Way,naronowja@webeden.co.uk
10/27/2019,Geno Bustin,1 Glendale Hill,gbustinjb@printfriendly.com
11/14/2019,Karrie Husset,1703 Prairieview Junction,khussetjc@hud.gov
8/17/2019,Nicolis Trevithick,489 Porter Way,ntrevithickjd@whitehouse.gov
6/7/2020,Beatrix Reisin,48457 Merrick Park,breisinje@mozilla.com
8/4/2019,Derward Fraine,66058 Forest Dale Street,dfrainejf@creativecommons.org
9/1/2019,Arlyne Wharrier,4589 Delladonna Hill,awharrierjg@stumbleupon.com
1/8/2020,Jamie Methven,2667 Randy Alley,jmethvenjh@de.vu
10/5/2019,Kissee Meenan,73062 Tennyson Way,kmeenanji@blogspot.com
2/12/2020,Joy Hastings,8 1st Way,jhastingsjj@miibeian.gov.cn
1/25/2020,Tommy Guise,3474 Marcy Point,tguisejk@histats.com
3/1/2020,Harlie O'Suaird,04916 Grasskamp Hill,hosuairdjl@ucoz.ru
6/30/2020,Adi Royston,28362 Petterle Alley,aroystonjm@netvibes.com
12/21/2019,Jae Fleury,4 Merchant Pass,jfleuryjn@nytimes.com
3/3/2020,Carol Sandal,01760 Kedzie Parkway,csandaljo@blogs.com
11/27/2019,Faydra Tedahl,8066 Ridgeview Crossing,ftedahljp@businessinsider.com
1/17/2020,Lilas McNelis,89 Rutledge Drive,lmcnelisjq@bloglovin.com
5/30/2020,Ahmed Gligori,9 Meadow Ridge Park,agligorijr@jalbum.net
12/18/2019,Muffin Pattillo,998 Hovde Court,mpattillojs@yale.edu
5/26/2020,Bambie Adelsberg,7 Di Loreto Street,badelsbergjt@opera.com
1/31/2020,Esther Sprott,5 Nobel Lane,esprottju@phpbb.com
5/27/2020,Kelila Brodie,13 Starling Trail,kbrodiejv@oakley.com
8/18/2019,Amery Tune,11193 Glacier Hill Court,atunejw@apple.com
7/15/2020,Urban Champken,87586 Steensland Alley,uchampkenjx@bloomberg.com
7/15/2020,Pierette Instock,14 Crowley Parkway,pinstockjy@arizona.edu
3/22/2020,Alexei Newvell,93787 Buhler Alley,anewvelljz@whitehouse.gov
6/30/2020,Stevie Python,1 North Center,spythonk0@salon.com
12/3/2019,Gilemette Coverdale,8029 Lukken Terrace,gcoverdalek1@miitbeian.gov.cn
1/17/2020,Brandea Gretton,6333 Onsgard Park,bgrettonk2@dmoz.org
4/19/2020,Enos Pepper,19336 Calypso Point,epepperk3@flickr.com
11/15/2019,Gunilla O'Hanley,7 Loftsgordon Parkway,gohanleyk4@fotki.com
6/15/2020,Wren MacKonochie,0 North Trail,wmackonochiek5@hostgator.com
4/10/2020,Agustin Le Sarr,5224 Warner Point,alek6@ifeng.com
3/17/2020,Nichole Cadamy,41541 Summerview Junction,ncadamyk7@fotki.com
1/24/2020,Sully Wace,502 Marcy Way,swacek8@ebay.com
7/29/2019,Elfreda Howsam,39942 Canary Point,ehowsamk9@miibeian.gov.cn
7/23/2020,Abby Harlowe,53795 Kim Avenue,aharloweka@bigcartel.com
9/9/2019,Ferne Mohun,60152 8th Avenue,fmohunkb@ed.gov
8/20/2019,Son Kislingbury,2054 Hollow Ridge Alley,skislingburykc@fotki.com
7/20/2020,Roxy Aris,7 Russell Drive,rariskd@issuu.com
10/6/2019,Angelique Marks,71124 Nancy Drive,amarkske@nhs.uk
11/23/2019,Rosaline Khadir,29 8th Crossing,rkhadirkf@imdb.com
12/11/2019,Doralynn Madner,47 Upham Crossing,dmadnerkg@webs.com
6/30/2020,Vic Jendrusch,1 Blackbird Crossing,vjendruschkh@cpanel.net
2/5/2020,Burton Wannes,5 Carberry Hill,bwanneski@mapy.cz
3/14/2020,Pace Callaghan,5 Becker Point,pcallaghankj@mac.com
6/17/2020,Bondy Flores,57529 Shasta Crossing,bfloreskk@google.co.uk
2/14/2020,Lillis Haylett,70 Kropf Plaza,lhaylettkl@sogou.com
3/30/2020,Fernande Dumbrall,47 Garrison Plaza,fdumbrallkm@yelp.com
4/20/2020,Pegeen Mauro,7 Becker Point,pmaurokn@nba.com
9/2/2019,Robby Feldmark,2050 Artisan Court,rfeldmarkko@china.com.cn
12/19/2019,Pam Eldrid,44 Morrow Junction,peldridkp@desdev.cn
1/7/2020,Myca Ecclesall,77 Luster Alley,mecclesallkq@technorati.com
9/18/2019,Mario Schuricke,08 Grayhawk Point,mschurickekr@tripod.com
9/11/2019,Candide Cummins,93 Hanover Way,ccumminsks@ucla.edu
9/10/2019,Tonie Minelli,10230 Mayer Junction,tminellikt@blog.com
1/16/2020,Dorine Kydde,96914 Rutledge Circle,dkyddeku@blogtalkradio.com
10/12/2019,Phedra Bende,3978 Aberg Street,pbendekv@google.com
5/29/2020,Milicent Eckhard,867 Eggendart Trail,meckhardkw@yolasite.com
11/19/2019,Geoffrey Tabart,417 Hoepker Hill,gtabartkx@cmu.edu
6/23/2020,Elwira Warboy,7 Cascade Way,ewarboyky@de.vu
10/3/2019,Pepe Tuminini,832 Canary Drive,ptumininikz@mozilla.org
1/14/2020,Sonya Mation,6740 Morningstar Parkway,smationl0@yahoo.com
5/18/2020,Stafani Matches,41006 Chive Court,smatchesl1@nba.com
3/19/2020,Tomlin Jori,68705 Columbus Plaza,tjoril2@purevolume.com
1/28/2020,Frayda Comerford,07712 Londonderry Road,fcomerfordl3@bing.com
4/23/2020,Pierette Mccaull,551 Gateway Road,pmccaulll4@t-online.de
5/1/2020,Putnam Carnie,39 Clarendon Park,pcarniel5@woothemes.com
10/25/2019,Nesta Preshous,66286 Westridge Hill,npreshousl6@java.com
1/28/2020,Olag Koschke,992 6th Alley,okoschkel7@google.com
9/30/2019,Thain Pittham,33 Rusk Drive,tpitthaml8@mail.ru
6/17/2020,Melba Denerley,9923 Daystar Place,mdenerleyl9@w3.org
11/8/2019,Byrom Statefield,1464 Burrows Junction,bstatefieldla@utexas.edu
6/21/2020,Amargo Sirmon,2 Susan Trail,asirmonlb@domainmarket.com
2/24/2020,Jaquenette Dorin,01 Sherman Terrace,jdorinlc@ehow.com
6/16/2020,Georgette Huggons,56 Heffernan Parkway,ghuggonsld@sciencedirect.com
2/2/2020,Bernadene Harvard,048 Waubesa Avenue,bharvardle@xinhuanet.com
10/24/2019,Kandy Jenking,9225 Bluejay Alley,kjenkinglf@senate.gov
4/23/2020,Minnaminnie Grzelak,55242 Bellgrove Crossing,mgrzelaklg@cdbaby.com
11/23/2019,Caprice Nye,0373 Lake View Court,cnyelh@harvard.edu
5/14/2020,Daryle Tapson,8 New Castle Junction,dtapsonli@boston.com
2/11/2020,Renate Tomsu,6 Coleman Crossing,rtomsulj@gizmodo.com
5/19/2020,Sayers Davenhall,57 Walton Terrace,sdavenhalllk@google.nl
2/2/2020,Stephana Bodicum,823 Sherman Avenue,sbodicumll@marriott.com
3/8/2020,Tiffie Williamson,68956 Mariners Cove Lane,twilliamsonlm@admin.ch
5/31/2020,Agnesse Hegerty,0 Green Ridge Drive,ahegertyln@gizmodo.com
9/10/2019,Shalom Stebbings,20762 Northport Court,sstebbingslo@quantcast.com
11/13/2019,Didi Romaines,128 Bellgrove Parkway,dromaineslp@hao123.com
10/12/2019,Kassie Walkey,9272 Prentice Lane,kwalkeylq@parallels.com
5/11/2020,Nikki Sweetnam,584 Northport Lane,nsweetnamlr@ca.gov
8/15/2019,Michail Ashburne,3 Pond Trail,mashburnels@bigcartel.com
1/14/2020,Rafferty Andreuzzi,5594 Stoughton Trail,randreuzzilt@ustream.tv
5/28/2020,Abramo Rosling,20 7th Junction,aroslinglu@sohu.com
11/12/2019,Mira Marten,39 Truax Drive,mmartenlv@typepad.com
9/25/2019,Ula Hubbis,6 Northwestern Terrace,uhubbislw@reference.com
5/19/2020,Diane-marie Gentiry,29 Memorial Park,dgentirylx@bloglines.com
2/14/2020,Gabriele Goring,9 Carpenter Alley,ggoringly@msu.edu
1/2/2020,Susanna Maitland,8 Shopko Trail,smaitlandlz@princeton.edu
2/10/2020,Demetria Wherrit,08383 Delladonna Parkway,dwherritm0@google.fr
6/9/2020,Wye Easdon,69 Barnett Hill,weasdonm1@skyrock.com
10/20/2019,Glen Middlewick,11 Corscot Plaza,gmiddlewickm2@foxnews.com
1/3/2020,Shelli Fidal,3554 Bashford Road,sfidalm3@networkadvertising.org
9/26/2019,Saunderson Fortesquieu,855 Oxford Drive,sfortesquieum4@dot.gov
10/16/2019,Neile Riddich,5493 Moulton Trail,nriddichm5@slideshare.net
12/19/2019,Martino Yepiskopov,43658 Comanche Terrace,myepiskopovm6@tuttocitta.it
1/14/2020,Valencia Houndsom,23000 Maywood Pass,vhoundsomm7@washingtonpost.com
2/6/2020,Ingemar Champken,10 Sauthoff Place,ichampkenm8@prnewswire.com
4/16/2020,Hatty Cashen,7 Arrowood Crossing,hcashenm9@example.com
5/27/2020,Jess Fordy,86983 Westport Park,jfordyma@biglobe.ne.jp
8/24/2019,Zacharie Cromblehome,00 3rd Alley,zcromblehomemb@ft.com
4/7/2020,Chandal Ivancevic,613 Portage Avenue,civancevicmc@infoseek.co.jp
1/14/2020,Wain O'Cahill,01 Chive Crossing,wocahillmd@auda.org.au
6/22/2020,Delaney Camings,394 Clyde Gallagher Pass,dcamingsme@rakuten.co.jp
11/23/2019,Max Buret,29 Bellgrove Alley,mburetmf@jiathis.com
1/28/2020,Guillemette Vick,37 Loomis Court,gvickmg@latimes.com
4/26/2020,Billie Roelofsen,25694 Bayside Park,broelofsenmh@theguardian.com
4/29/2020,Janith Fullerton,1 Maywood Road,jfullertonmi@mit.edu
2/26/2020,Harland Pallesen,77 Straubel Terrace,hpallesenmj@1688.com
5/30/2020,Dore Hucknall,7 Ruskin Place,dhucknallmk@dyndns.org
11/18/2019,Percy Scheffel,98487 Rigney Center,pscheffelml@goo.gl
1/20/2020,Mona Portch,984 Lerdahl Drive,mportchmm@gov.uk
9/13/2019,Pia Nussgen,0077 Forest Dale Hill,pnussgenmn@ameblo.jp
1/29/2020,Kakalina Zamboniari,57 Luster Pass,kzamboniarimo@histats.com
5/16/2020,Jonathan Streeter,0 Cottonwood Plaza,jstreetermp@bluehost.com
5/12/2020,Delores Pedro,97955 Mendota Court,dpedromq@squidoo.com
6/22/2020,Beatrice Sich,21 Little Fleur Lane,bsichmr@dropbox.com
3/29/2020,Wash Craigg,7227 Shopko Drive,wcraiggms@multiply.com
12/23/2019,Rozella Polhill,5373 Kinsman Pass,rpolhillmt@github.com
6/3/2020,Inez Walden,82190 Sunbrook Street,iwaldenmu@tuttocitta.it
6/9/2020,Evita Palk,66288 Stone Corner Street,epalkmv@ucoz.com
2/25/2020,Thain Fishwick,835 Kensington Road,tfishwickmw@yellowpages.com
3/5/2020,Jacenta Roggeman,71 Grover Parkway,jroggemanmx@tiny.cc
7/23/2020,Lynnette Dunham,3 Ronald Regan Plaza,ldunhammy@forbes.com
2/2/2020,Colin Selburn,6 Clyde Gallagher Park,cselburnmz@oakley.com
12/5/2019,Julianna Medcalfe,23 Westport Way,jmedcalfen0@newyorker.com
11/5/2019,Lorrie Note,22 Schurz Street,lnoten1@prweb.com
5/15/2020,Dawna O'Quin,542 Chinook Hill,doquinn2@mayoclinic.com
4/3/2020,Verine Sieur,34 Farwell Junction,vsieurn3@census.gov
11/12/2019,Benedick Meffen,75 Merchant Road,bmeffenn4@simplemachines.org
12/11/2019,Tyrus Hazlegrove,89 Michigan Plaza,thazlegroven5@bravesites.com
7/30/2019,Adey Havick,38729 Bay Parkway,ahavickn6@acquirethisname.com
8/1/2019,Babs Ivankov,3954 4th Drive,bivankovn7@guardian.co.uk
9/20/2019,Gayler Gibbins,5 Scott Place,ggibbinsn8@cafepress.com
10/22/2019,Tristam Thurlow,0 3rd Way,tthurlown9@mozilla.org
4/23/2020,Domenic Abrahm,01 Arkansas Plaza,dabrahmna@soundcloud.com
8/25/2019,Glynis Hopkyns,7624 Carioca Place,ghopkynsnb@instagram.com
9/6/2019,Doyle Conachy,67875 Eagle Crest Trail,dconachync@nba.com
1/18/2020,Davita Meadway,411 Paget Terrace,dmeadwaynd@princeton.edu
8/12/2019,Saunders Brideau,69836 Dryden Street,sbrideaune@hc360.com
1/12/2020,Arleen Annatt,7997 Carey Parkway,aannattnf@list-manage.com
11/23/2019,Bryan Sieur,654 Rutledge Hill,bsieurng@photobucket.com
7/31/2019,Betti Ackenson,7064 Ilene Park,backensonnh@walmart.com
6/23/2020,Oralla Kolczynski,55 Northfield Road,okolczynskini@apache.org
11/18/2019,Oneida M'Quharg,3601 Northland Way,omquhargnj@simplemachines.org
10/1/2019,Sharyl Wardel,09493 Westport Plaza,swardelnk@ovh.net
1/8/2020,Cindra Sokale,403 Lakewood Gardens Way,csokalenl@moonfruit.com
3/18/2020,Cesaro Padkin,1820 Hovde Drive,cpadkinnm@alexa.com
10/3/2019,Chrissie Flintiff,6 Manufacturers Junction,cflintiffnn@domainmarket.com
4/19/2020,Natal Arrandale,3 Melvin Point,narrandaleno@sogou.com
7/6/2020,Roth Annon,89 Thierer Center,rannonnp@woothemes.com
7/5/2020,Gabriel Oxby,12881 Surrey Pass,goxbynq@ftc.gov
5/7/2020,Travis Pennini,47117 Jay Circle,tpennininr@php.net
11/10/2019,Slade Pringer,07526 Moland Alley,springerns@printfriendly.com
8/21/2019,Etti Kettel,9567 Hoepker Terrace,ekettelnt@google.de
5/6/2020,Frederick Botton,7690 Mayfield Drive,fbottonnu@goo.ne.jp
10/22/2019,Mina Slamaker,060 Judy Way,mslamakernv@ebay.co.uk
8/19/2019,Allianora Tamburo,47880 Bellgrove Trail,atamburonw@usgs.gov
8/15/2019,Chico Lundbeck,3 Manitowish Drive,clundbecknx@google.ru
10/12/2019,Hilary Charpling,7 Logan Hill,hcharplingny@reference.com
1/3/2020,Joshua Zimek,149 Dovetail Crossing,jzimeknz@mapquest.com
3/22/2020,Olivie Crosetti,4352 Bartillon Park,ocrosettio0@mysql.com
8/26/2019,Hermine Myring,6447 Carioca Circle,hmyringo1@creativecommons.org
3/21/2020,Angil Gecks,2617 Northridge Hill,ageckso2@deviantart.com
12/19/2019,Isis Shreeves,494 Harper Plaza,ishreeveso3@twitter.com
8/2/2019,Chev Insull,1999 Debs Court,cinsullo4@usatoday.com
8/9/2019,Fania Crinage,38 Bashford Junction,fcrinageo5@weebly.com
12/6/2019,Gregoor Sainer,959 Graedel Circle,gsainero6@blog.com
8/28/2019,Ermin Beaver,3 Calypso Drive,ebeavero7@infoseek.co.jp
3/9/2020,Willyt McCathy,0 Becker Hill,wmccathyo8@si.edu
1/21/2020,Vassili Bean,56 Sage Hill,vbeano9@ezinearticles.com
5/31/2020,Halsy Barette,83726 Beilfuss Street,hbaretteoa@unc.edu
10/17/2019,Garrard Falkous,3717 Rowland Point,gfalkousob@princeton.edu
2/5/2020,Rosella Tibalt,8359 Dahle Drive,rtibaltoc@japanpost.jp
7/8/2020,Horst Pinke,4 Independence Avenue,hpinkeod@blogtalkradio.com
7/4/2020,Vidovic Dwerryhouse,63 Aberg Street,vdwerryhouseoe@cam.ac.uk
5/15/2020,Graig Floyde,5 Summer Ridge Park,gfloydeof@telegraph.co.uk
10/15/2019,Lurette Waycot,5 Dottie Hill,lwaycotog@amazon.co.jp
2/8/2020,Ailee Davydzenko,9233 Summit Road,adavydzenkooh@baidu.com
4/11/2020,Worth Else,7755 Arapahoe Park,welseoi@newsvine.com
1/4/2020,Leodora Tchir,2 Union Hill,ltchiroj@jimdo.com
12/11/2019,Mina Amott,4044 Birchwood Way,mamottok@google.es
9/12/2019,Ainslie Penney,9300 Brickson Park Parkway,apenneyol@dell.com
12/7/2019,Bamby Colquite,61880 Carberry Road,bcolquiteom@earthlink.net
8/15/2019,Mirelle Laxson,8 Logan Court,mlaxsonon@sphinn.com
3/21/2020,Susann Darcy,02831 Bunker Hill Way,sdarcyoo@dedecms.com
4/2/2020,Lea Mickleborough,9 Drewry Court,lmickleboroughop@amazon.co.uk
4/17/2020,Hanan Janak,53570 Rigney Plaza,hjanakoq@prweb.com
12/7/2019,Tonye Muckley,12196 Scott Lane,tmuckleyor@posterous.com
11/28/2019,Carmine McFayden,4 Portage Alley,cmcfaydenos@mit.edu
7/3/2020,Maurie Girardini,356 Marquette Road,mgirardiniot@freewebs.com
11/15/2019,Jim Braga,01 Gulseth Road,jbragaou@geocities.jp
10/7/2019,Betteann Gadaud,02594 Anthes Parkway,bgadaudov@dailymail.co.uk
10/13/2019,Fons Laughton,6 Lyons Drive,flaughtonow@psu.edu
8/6/2019,Cass Floris,12898 Kensington Hill,cflorisox@tuttocitta.it
4/23/2020,Manda Elkins,1 Marcy Plaza,melkinsoy@toplist.cz
1/1/2020,Miquela Pallant,388 Dayton Place,mpallantoz@netvibes.com
1/14/2020,Reeta Massy,68 Killdeer Drive,rmassyp0@ycombinator.com
4/7/2020,Miles Downton,0 Crownhardt Point,mdowntonp1@gov.uk
9/10/2019,Meghan McKall,2860 Katie Junction,mmckallp2@economist.com
10/27/2019,Gardy Keeney,0 Sage Terrace,gkeeneyp3@w3.org
9/1/2019,Lia Lauritzen,2 Dryden Lane,llauritzenp4@columbia.edu
5/19/2020,Eleni Sarfass,1 Pierstorff Place,esarfassp5@bloomberg.com
11/19/2019,Noe Baudino,6 Arkansas Alley,nbaudinop6@chron.com
7/26/2020,Waldon Bastow,30 Delaware Point,wbastowp7@japanpost.jp
10/14/2019,Kelci Furby,21017 Pearson Drive,kfurbyp8@prlog.org
4/17/2020,Morrie Besemer,9 Sundown Street,mbesemerp9@nydailynews.com
4/2/2020,Caitlin Pawellek,535 Logan Pass,cpawellekpa@google.cn
10/19/2019,Poul Aysh,6111 Badeau Circle,payshpb@techcrunch.com
4/20/2020,Hunfredo Danilowicz,2 Declaration Trail,hdanilowiczpc@constantcontact.com
3/30/2020,Burch Nary,9 Sunbrook Street,bnarypd@wikia.com
2/18/2020,Cheston Dickenson,3 Ramsey Junction,cdickensonpe@stanford.edu
3/13/2020,Farra Raybould,998 Eastlawn Center,fraybouldpf@si.edu
2/14/2020,Winslow Bruyns,1802 Sauthoff Junction,wbruynspg@phpbb.com
7/25/2020,Violet Toyer,117 Weeping Birch Road,vtoyerph@psu.edu
5/21/2020,Tucker Doick,20993 Gina Circle,tdoickpi@blog.com
7/29/2019,Harland Stoodley,29750 Amoth Court,hstoodleypj@bbb.org
5/8/2020,Deina Canto,59022 South Hill,dcantopk@cisco.com
10/26/2019,Pall Blower,40 Service Road,pblowerpl@drupal.org
9/2/2019,Karlotte Simonato,68386 Laurel Trail,ksimonatopm@bandcamp.com
1/20/2020,Nonna Lucien,21 Stephen Plaza,nlucienpn@dagondesign.com
2/22/2020,Shalna Fairey,16940 Harper Way,sfaireypo@cisco.com
10/26/2019,Farlie Birkmyre,17 Oak Parkway,fbirkmyrepp@imgur.com
11/3/2019,Willy Micco,995 Old Shore Place,wmiccopq@psu.edu
5/5/2020,Nara Swiffen,7 Forster Lane,nswiffenpr@mashable.com
1/30/2020,Joana Bermingham,7358 Morningstar Center,jberminghamps@oakley.com
11/3/2019,Keelia Jeduch,490 American Center,kjeduchpt@artisteer.com
4/3/2020,Jemie Boyne,4079 Rusk Road,jboynepu@artisteer.com
5/29/2020,Jackie Issac,4 Westend Plaza,jissacpv@networkadvertising.org
7/12/2020,Sky Trodd,38814 Maywood Plaza,stroddpw@oracle.com
3/23/2020,Whitman Goodbanne,4 Basil Road,wgoodbannepx@mapquest.com
4/9/2020,Gwyn Darwent,94 Oneill Center,gdarwentpy@de.vu
3/14/2020,Suzie De Bellis,8 Cherokee Plaza,sdepz@cpanel.net
5/22/2020,Reube Maving,2 Schurz Street,rmavingq0@gov.uk
2/5/2020,Roley Kensington,69074 7th Alley,rkensingtonq1@aboutads.info
8/2/2019,Zola Johns,6 Sauthoff Alley,zjohnsq2@amazonaws.com
8/20/2019,Petunia Steere,08 Jana Court,psteereq3@drupal.org
9/17/2019,Irita Caukill,31 Drewry Trail,icaukillq4@disqus.com
2/21/2020,Lolita Pregal,3923 Homewood Parkway,lpregalq5@java.com
6/16/2020,Irina Clac,815 Melody Place,iclacq6@wired.com
3/1/2020,Opaline Boorn,619 Old Gate Terrace,oboornq7@thetimes.co.uk
12/25/2019,Noelle St. John,699 Melvin Crossing,nstq8@artisteer.com
3/13/2020,Grover Foran,47 Green Ridge Trail,gforanq9@wufoo.com
7/5/2020,Odilia Hutcheon,41 Glendale Trail,ohutcheonqa@skyrock.com
9/14/2019,Arni Gorse,8271 Buell Lane,agorseqb@biglobe.ne.jp
6/7/2020,Pier Bewsey,9 Stoughton Terrace,pbewseyqc@redcross.org
4/27/2020,Fitzgerald Meach,285 Schmedeman Crossing,fmeachqd@youtu.be
9/16/2019,Janeen Avis,93 Pankratz Park,javisqe@drupal.org
5/28/2020,Adiana Filipov,487 Buell Drive,afilipovqf@house.gov
11/24/2019,Elwyn Ensten,495 4th Pass,eenstenqg@purevolume.com
8/20/2019,Skipp Brent,08582 Lakewood Gardens Hill,sbrentqh@mediafire.com
9/30/2019,Yankee Bodicum,952 Mayer Circle,ybodicumqi@cloudflare.com
12/31/2019,Junette Rivilis,485 Larry Plaza,jrivilisqj@narod.ru
6/26/2020,Koral Agius,4363 Schiller Park,kagiusqk@163.com
3/21/2020,Roderick Hambrook,02 Ridgeview Park,rhambrookql@blogtalkradio.com
12/22/2019,Berty Bakster,8 Roxbury Alley,bbaksterqm@umn.edu
10/28/2019,Finlay Heaney,3 Linden Plaza,fheaneyqn@wikispaces.com
2/20/2020,Anet Kasparski,3949 Lakewood Point,akasparskiqo@cbsnews.com
10/10/2019,Theo Casperri,521 Golf Course Plaza,tcasperriqp@intel.com
3/23/2020,My Borg-Bartolo,8 Leroy Junction,mborgbartoloqq@twitpic.com
5/10/2020,Jessy Abrahamovitz,181 Westerfield Way,jabrahamovitzqr@google.co.jp
11/30/2019,Kylie Curnok,16108 Quincy Avenue,kcurnokqs@drupal.org
4/7/2020,Claudine Restall,5241 Arkansas Pass,crestallqt@nytimes.com
7/23/2020,Vito Harlow,298 Ridgeview Trail,vharlowqu@unicef.org
5/8/2020,Sly Rotherham,6 Almo Drive,srotherhamqv@newsvine.com
6/27/2020,Peder Fabbri,4 Ruskin Crossing,pfabbriqw@mapquest.com
9/13/2019,Karney Wyles,15 Farwell Court,kwylesqx@themeforest.net
2/7/2020,Bourke Clyburn,118 Transport Crossing,bclyburnqy@wiley.com
10/21/2019,Pepita Mcettrick,04163 Twin Pines Court,pmcettrickqz@histats.com
1/13/2020,Read Cano,8 Westridge Crossing,rcanor0@woothemes.com
1/6/2020,Alexander Ravenscroftt,76093 Lunder Hill,aravenscrofttr1@themeforest.net
2/11/2020,Agata Bartoloma,5 Milwaukee Trail,abartolomar2@toplist.cz
5/8/2020,Darill MacAlaster,983 Calypso Junction,dmacalasterr3@newsvine.com
10/10/2019,Clarinda Gillitt,8 Glacier Hill Alley,cgillittr4@shutterfly.com
8/5/2019,Parke Sandels,7 Everett Lane,psandelsr5@feedburner.com
4/2/2020,Nevin Cinnamond,11150 Graceland Center,ncinnamondr6@indiegogo.com
2/10/2020,Ricca Bowld,17245 Starling Street,rbowldr7@time.com
11/20/2019,Shauna Cain,69 Quincy Parkway,scainr8@photobucket.com
12/15/2019,Gwynne Suddards,45764 Doe Crossing Way,gsuddardsr9@cocolog-nifty.com
3/26/2020,Mabel Shee,575 Eagan Place,msheera@intel.com
5/6/2020,Seymour Lackmann,18 Golden Leaf Place,slackmannrb@dion.ne.jp
8/15/2019,Chev Atwel,48 Schmedeman Trail,catwelrc@mozilla.com
10/11/2019,Fran Deans,66 Hudson Alley,fdeansrd@lycos.com
10/27/2019,Kelwin Fanner,536 Melrose Lane,kfannerre@hud.gov
3/26/2020,Tabbi Iskov,02 Graedel Drive,tiskovrf@scientificamerican.com
1/11/2020,Jaimie Twigger,8284 Bay Point,jtwiggerrg@earthlink.net
8/30/2019,Ebeneser Hartshorn,8115 West Terrace,ehartshornrh@chron.com
7/11/2020,Angel Risborough,182 Barby Court,arisboroughri@nba.com
6/19/2020,Patrica Jaspar,01707 Columbus Parkway,pjasparrj@huffingtonpost.com
6/14/2020,Phillipe MacDonogh,782 Badeau Point,pmacdonoghrk@163.com
10/3/2019,Samaria Tarquini,149 Pearson Terrace,starquinirl@google.com.hk
11/28/2019,Kippar O'Brallaghan,90 Thackeray Avenue,kobrallaghanrm@bizjournals.com
9/1/2019,Weston Stilldale,8411 Drewry Avenue,wstilldalern@mtv.com
5/29/2020,Anderea Gebbe,739 Superior Crossing,agebbero@smugmug.com
3/18/2020,Bridie Edgeon,23 Talisman Circle,bedgeonrp@eventbrite.com
3/20/2020,Aldridge Northcote,22 Derek Terrace,anorthcoterq@ovh.net
2/1/2020,Koenraad O'Carroll,98 Emmet Court,kocarrollrr@sphinn.com
